id,slot,practice_id,출처,영역,세부유형,tier,reason
PRAC_LEAN_CAREER,p1,THX-LTA-18,이론기반(THX),SELF,MIND,가볍게 시작,부탁할 일·사람을 글로 정리(쓰기)
PRAC_LEAN_CAREER,p2,WORK-TALK-L1-02,기존375,WORK,TALK,가볍게 시작,업무 중 직접 도움 청하기(행동)
PRAC_LEAN_CAREER,p3,WORK-HELP-L1-01,기존375,WORK,HELP,가볍게 시작,버거움을 동료와 나누기(관계)
PRAC_LEAN_GROWTH,p1,THX-REBT-12,이론기반(THX),WORK,SKILLS,가볍게 시작,막힘을 '배울 것'으로 나눠 물을 곳 찾기(쓰기)
PRAC_LEAN_GROWTH,p2,THX-LTA-07,이론기반(THX),WORK,HELP,꾸준히 이어가기,여유 있는 사람에게 묻기(관계)
PRAC_LEAN_GROWTH,p3,THX-WBT-18,이론기반(THX),SELF,CARE,가볍게 시작,쉼 허락하기(휴식)
PRAC_LEAN_LOVE,p1,THX-ST-13,이론기반(THX),REL,MIND,가볍게 시작,바라는 돌봄에 이름 붙여 청할 문장 만들기(쓰기)
PRAC_LEAN_LOVE,p2,THX-EFT-12,이론기반(THX),SELF,CARE,가볍게 시작,"외로움 인정 후 작은 연결(행동, 싱글 가능)"
PRAC_LEAN_LOVE,p3,NEW-COUPLE-CARE-04,신규200,COUPLE,MUTUAL_CARE,가볍게 시작,연인과 응원 방식 공유(파트너 1개)
PRAC_LEAN_FAMILY,p1,THX-IPT-01,이론기반(THX),REL,MIND,가볍게 시작,가족 중심 관계 지도(쓰기)
PRAC_LEAN_FAMILY,p2,REL-HELP-L1-01,기존375,REL,HELP,가볍게 시작,가족에게 고민 가볍게 꺼내기(행동)
PRAC_LEAN_FAMILY,p3,NEW-REL-ASYNC-02,신규200,REL,MESSAGES,가볍게 시작,좋은 기억 메시지로 친밀감(관계)
PRAC_LEAN_SOCIAL,p1,THX-EFT-11,이론기반(THX),REL,HELP,가볍게 시작,기댈 곳 지도(쓰기)
PRAC_LEAN_SOCIAL,p2,SELF-HELP-L1-03,기존375,SELF,HELP,가볍게 시작,친구에게 힘들다 알리기(행동)
PRAC_LEAN_SOCIAL,p3,NEW-REL-ASYNC-01,신규200,REL,MESSAGES,가볍게 시작,부담 없는 안부로 끈 잇기(관계)
PRAC_LEAN_MONEY,p1,SELF-HELP-L1-05,기존375,SELF,HELP,가볍게 시작,돈 걱정을 글로 정리 후 말하기 준비(쓰기)
PRAC_LEAN_MONEY,p2,REL-HELP-L1-04,기존375,REL,HELP,가볍게 시작,생활비 고민 바깥 의견 구하기(관계)
PRAC_LEAN_MONEY,p3,THX-CFT-01,이론기반(THX),SELF,CARE,가볍게 시작,내역 확인 전 호흡(몸)
PRAC_TRUST_CAREER,p1,NEW-WORK-TRANSITION-05,신규200,WORK,RECOVERY,가볍게 시작,업무 걱정에 이름 붙이고 확인 시간 정하기(쓰기)
PRAC_TRUST_CAREER,p2,NEW-WORK-FOCUS-07,신규200,WORK,TASK_DESIGN,가볍게 시작,다음 행동 적어 머릿속 잔류 줄이기(행동)
PRAC_TRUST_CAREER,p3,WORK-BODY-L1-02,기존375,WORK,BODY,가볍게 시작,어깨·목 이완(몸)
PRAC_TRUST_GROWTH,p1,THX-WBT-13,이론기반(THX),WORK,SKILLS,가볍게 시작,해낸 경험으로 자기 신뢰 근거(쓰기)
PRAC_TRUST_GROWTH,p2,THX-CBT-24,이론기반(THX),SELF,TASK_DESIGN,가볍게 시작,해낼 크기로 계획 줄이기(계획)
PRAC_TRUST_GROWTH,p3,SELF-MIND-L1-03,기존375,SELF,MIND,가볍게 시작,감각으로 지금에 머물기(몸·감각)
PRAC_TRUST_LOVE,p1,THX-EFT-14,이론기반(THX),COUPLE,MIND,가볍게 시작,반응해 준 순간 확인으로 불안 해석 줄이기(쓰기)
PRAC_TRUST_LOVE,p2,NEW-COUPLE-CHECKIN-05,신규200,COUPLE,CHECKIN,가볍게 시작,바쁜 날 미리 공유해 연락 불안 줄이기(파트너 1개)
PRAC_TRUST_LOVE,p3,THX-CFT-15,이론기반(THX),SELF,SENSORY,가볍게 시작,마음이 놓이는 장소 이미지(감각)
PRAC_TRUST_FAMILY,p1,THX-REBT-21,이론기반(THX),SELF,VALUES,가볍게 시작,바꿀 수 없는 것 vs 할 수 있는 일(쓰기)
PRAC_TRUST_FAMILY,p2,REL-BODY-L2-02,기존375,REL,BODY,꾸준히 이어가기,정해진 연락으로 예측 가능성(관계)
PRAC_TRUST_FAMILY,p3,NEW-SELF-SENSE-08,신규200,SELF,SENSORY,가볍게 시작,집 안 쉼터 만들기(감각)
PRAC_TRUST_SOCIAL,p1,REL-MIND-L1-02,기존375,REL,MIND,가볍게 시작,모임 뒤 나쁜 해석에 다른 가능성(생각)
PRAC_TRUST_SOCIAL,p2,NEW-REL-NEW-06,신규200,REL,NEW_CONNECTIONS,가볍게 시작,귀가 계획으로 안전한 틀(계획)
PRAC_TRUST_SOCIAL,p3,NEW-REL-SHARED-09,신규200,REL,TOGETHER,가볍게 시작,좋았던 대화 기록(기록)
PRAC_TRUST_MONEY,p1,THX-CBT-15,이론기반(THX),SELF,MIND,가볍게 시작,돈 걱정 목록화 후 두 개만(쓰기)
PRAC_TRUST_MONEY,p2,THX-CBT-17,이론기반(THX),WORK,MIND,꾸준히 이어가기,잔고 확인 충동 때 주의 돌리기(순간 대처)
PRAC_TRUST_MONEY,p3,SELF-CARE-L2-02,기존375,SELF,CARE,꾸준히 이어가기,수면 리듬으로 생활 안정(루틴)
PRAC_BOUND_CAREER,p1,NEW-WORK-CONTEXT-06,신규200,WORK,WORK_COMMUNICATION,가볍게 시작,요청 범위 나눠 말하기(말·거절)
PRAC_BOUND_CAREER,p2,NEW-WORK-FOCUS-03,신규200,WORK,TASK_DESIGN,가볍게 시작,집중 시간 확보(내 시간)
PRAC_BOUND_CAREER,p3,NEW-WORK-TRANSITION-01,신규200,WORK,RECOVERY,가볍게 시작,퇴근 의식으로 일-삶 경계(의식)
PRAC_BOUND_GROWTH,p1,THX-RBT-15,이론기반(THX),WORK,VALUES,가볍게 시작,목표 기준의 주인 확인(쓰기)
PRAC_BOUND_GROWTH,p2,SELF-CARE-L1-04,기존375,SELF,CARE,가볍게 시작,방해받지 않는 시간 요청(행동)
PRAC_BOUND_GROWTH,p3,REL-MIND-L2-04,기존375,REL,MIND,꾸준히 이어가기,비교 정보에 선 긋기(디지털)
PRAC_BOUND_LOVE,p1,NEW-REL-BOUNDARY-10,신규200,REL,BOUNDARIES,꾸준히 이어가기,연락 리듬 선호 적고 설명 문장(쓰기)
PRAC_BOUND_LOVE,p2,NEW-COUPLE-FUTURE-02,신규200,COUPLE,PLANNING,가볍게 시작,각자 개인 일정 공유(파트너 1개)
PRAC_BOUND_LOVE,p3,REL-CARE-L2-02,기존375,REL,CARE,꾸준히 이어가기,관계 밖 나를 채우는 활동(자기돌봄)
PRAC_BOUND_FAMILY,p1,THX-MCP-08,이론기반(THX),REL,MIND,가볍게 시작,고른 것/떠맡은 것 나누고 하나 덜기(쓰기)
PRAC_BOUND_FAMILY,p2,NEW-REL-BOUNDARY-06,신규200,REL,BOUNDARIES,가볍게 시작,불편한 말에 짧게 표현(말)
PRAC_BOUND_FAMILY,p3,SELF-BODY-L1-01,기존375,SELF,BODY,가볍게 시작,잠깐 걸으며 거리 두기(몸)
PRAC_BOUND_SOCIAL,p1,NEW-SELF-VALUES-03,신규200,SELF,VALUES,가볍게 시작,거절로 지킨 것 확인(성찰)
PRAC_BOUND_SOCIAL,p2,NEW-REL-BOUNDARY-08,신규200,REL,BOUNDARIES,가볍게 시작,불참 문장 준비(행동)
PRAC_BOUND_SOCIAL,p3,REL-CARE-L1-04,기존375,REL,CARE,가볍게 시작,약속 없는 저녁(휴식)
PRAC_BOUND_MONEY,p1,NEW-SELF-VALUES-01,신규200,SELF,VALUES,가볍게 시작,돈 원칙 한 줄(쓰기)
PRAC_BOUND_MONEY,p2,THX-DBT-04,이론기반(THX),SELF,MIND,꾸준히 이어가기,충동구매 장단점 카드(순간 대처)
PRAC_BOUND_MONEY,p3,SELF-CARE-L2-05,기존375,SELF,CARE,꾸준히 이어가기,돈 안 드는 즐거움 목록(자기돌봄)
PRAC_SPEAK_CAREER,p1,NEW-WORK-CONTEXT-07,신규200,WORK,WORK_COMMUNICATION,가볍게 시작,회의 질문 문장 준비(쓰기)
PRAC_SPEAK_CAREER,p2,WORK-TALK-L1-04,기존375,WORK,TALK,가볍게 시작,회의 중 짧은 의견(말)
PRAC_SPEAK_CAREER,p3,WORK-TALK-L2-01,기존375,WORK,TALK,꾸준히 이어가기,상황·필요 미리 전달(말)
PRAC_SPEAK_GROWTH,p1,SELF-TALK-L1-04,기존375,SELF,TALK,가볍게 시작,하고 싶은 일 글로 정리(쓰기)
PRAC_SPEAK_GROWTH,p2,THX-EFT-22,이론기반(THX),WORK,TALK,가볍게 시작,시작을 한 사람에게 알리기(관계)
PRAC_SPEAK_GROWTH,p3,THX-REBT-20,이론기반(THX),SELF,MIND,꾸준히 이어가기,내 목소리로 녹음(목소리)
PRAC_SPEAK_LOVE,p1,THX-EFT-03,이론기반(THX),COUPLE,MIND,가볍게 시작,겉감정/속감정 찾기(쓰기)
PRAC_SPEAK_LOVE,p2,COUPLE-TALK-L1-01,기존375,COUPLE,TALK,가볍게 시작,나-전달로 서운함 말하기(파트너 1개)
PRAC_SPEAK_LOVE,p3,REL-TALK-L1-01,기존375,REL,TALK,가볍게 시작,구체적 칭찬(긍정 표현)
PRAC_SPEAK_FAMILY,p1,THX-IPT-11,이론기반(THX),REL,TALK,꾸준히 이어가기,우리 집에 맞는 표현 방식 고르기(선택)
PRAC_SPEAK_FAMILY,p2,REL-TALK-L1-02,기존375,REL,TALK,가볍게 시작,내 감정을 주어로(말)
PRAC_SPEAK_FAMILY,p3,THX-DBT-03,이론기반(THX),REL,TALK,가볍게 시작,욱할 때 멈춤(몸)
PRAC_SPEAK_SOCIAL,p1,SELF-MIND-L1-04,기존375,SELF,MIND,가볍게 시작,감정 한 단어(내면)
PRAC_SPEAK_SOCIAL,p2,THX-WBT-17,이론기반(THX),REL,TALK,가볍게 시작,속마음/전할 말 나누기(쓰기)
PRAC_SPEAK_SOCIAL,p3,REL-TALK-L1-04,기존375,REL,TALK,가볍게 시작,모임에서 선호 말하기(말)
PRAC_SPEAK_MONEY,p1,THX-IPT-10,이론기반(THX),REL,TALK,꾸준히 이어가기,돈 이야기 대본(쓰기)
PRAC_SPEAK_MONEY,p2,NEW-REL-BOUNDARY-04,신규200,REL,BOUNDARIES,가볍게 시작,예산 맞춘 선택지 제안(말)
PRAC_SPEAK_MONEY,p3,SELF-TALK-L1-01,기존375,SELF,TALK,가볍게 시작,빠듯함을 짧게 말하기(감정 표현)
PRAC_REPAIR_CAREER,p1,THX-RBT-09,이론기반(THX),REL,MIND,꾸준히 이어가기,상대 말의 맞는 조각 찾기(쓰기)
PRAC_REPAIR_CAREER,p2,WORK-TALK-L1-03,기존375,WORK,TALK,가볍게 시작,인정의 말로 어색함 풀기(관계)
PRAC_REPAIR_CAREER,p3,WORK-CARE-L1-04,기존375,WORK,CARE,가볍게 시작,전환 의식으로 감정 내려놓기(의식)
PRAC_REPAIR_GROWTH,p1,THX-CFT-12,이론기반(THX),SELF,MIND,가볍게 시작,친구에게 하듯 나에게 다정한 말(쓰기)
PRAC_REPAIR_GROWTH,p2,THX-PPT-23,이론기반(THX),WORK,VALUES,가볍게 시작,막힌 목표의 다른 길(계획)
PRAC_REPAIR_GROWTH,p3,SELF-BODY-L1-02,기존375,SELF,BODY,가볍게 시작,한 곡 스트레칭(몸)
PRAC_REPAIR_LOVE,p1,THX-EFT-04,이론기반(THX),COUPLE,MIND,가볍게 시작,다툼 속 내 행동을 바람으로 다시 읽기(쓰기)
PRAC_REPAIR_LOVE,p2,COUPLE-TALK-L2-02,기존375,COUPLE,TALK,꾸준히 이어가기,격해지면 멈췄다 다시 이야기 약속(파트너 1개)
PRAC_REPAIR_LOVE,p3,SELF-CARE-L1-02,기존375,SELF,CARE,가볍게 시작,호흡으로 가라앉히기(몸)
PRAC_REPAIR_FAMILY,p1,THX-IPT-16,이론기반(THX),REL,MIND,가볍게 시작,갈등에서 내 노력 확인(쓰기)
PRAC_REPAIR_FAMILY,p2,REL-BODY-L1-04,기존375,REL,BODY,가볍게 시작,나란히 걸으며 다시 잇기(관계)
PRAC_REPAIR_FAMILY,p3,THX-EFT-23,이론기반(THX),COUPLE,TALK,가볍게 시작,날카로운 말에 속사정 묻기(말)
PRAC_REPAIR_SOCIAL,p1,THX-IPT-09,이론기반(THX),REL,TALK,가볍게 시작,어긋난 만남 되짚기(쓰기)
PRAC_REPAIR_SOCIAL,p2,NEW-REL-ASYNC-07,신규200,REL,MESSAGES,가볍게 시작,같이 웃었던 표현으로 다시 연락(관계)
PRAC_REPAIR_SOCIAL,p3,SELF-CARE-L1-05,기존375,SELF,CARE,가볍게 시작,음료로 잠시 멈춤(감각)
PRAC_REPAIR_MONEY,p1,THX-REBT-26,이론기반(THX),SELF,MIND,가볍게 시작,지출 자책을 아쉬움+다음엔으로(쓰기)
PRAC_REPAIR_MONEY,p2,THX-MCP-10,이론기반(THX),REL,CARE,가볍게 시작,미뤄 둔 생활 일 하나 끝내기(행동)
PRAC_REPAIR_MONEY,p3,THX-CFT-21,이론기반(THX),SELF,CARE,가볍게 시작,돈 안 드는 쉼에 이름(휴식)
